time,level,nb_children
1625039773.630674,INFO,1
1625039779.398728,INFO,0
1625039899.433275,INFO,1
1625039991.953258,INFO,0
1625040675.395384,INFO,1
1625040789.111496,INFO,0
1625041229.417037,INFO,1
1625041427.408486,INFO,0
1625041839.403884,INFO,1
1625041854.97772,INFO,0
1625042373.840305,INFO,1
1625042425.276785,INFO,0
1625042448.568298,INFO,1
1625042559.041012,INFO,0
1625042745.670938,INFO,1
1625042794.715575,INFO,0
1625043570.225702,INFO,1
1625043658.471232,INFO,0
1625044224.367106,INFO,1
1625044564.71766,INFO,0
1625044852.18367,INFO,1
1625044919.943722,INFO,2
1625044926.083841,INFO,1
1625044952.55428,INFO,2
1625044965.312295,INFO,1
1625045026.737633,INFO,0
1625045496.510023,INFO,1
1625045541.318653,INFO,2
1625045623.776495,INFO,1
1625045774.52464,INFO,0
1625046505.963633,INFO,1
1625046560.758666,INFO,0
1625047444.030089,INFO,1
1625047451.346188,INFO,0
1625048891.369477,INFO,1
1625048943.15151,INFO,0
1625049819.613997,INFO,1
1625049830.1222,INFO,0
1625050926.774586,INFO,1
1625050995.751264,INFO,0
1625052320.895624,INFO,1
1625052348.833761,INFO,2
1625052351.405656,INFO,1
1625052894.533613,INFO,0
1625057268.237883,INFO,2
1625057295.873376,INFO,3
1625057311.035267,INFO,2
1625057374.058632,INFO,0
1625057752.108825,INFO,1
1625057789.123359,INFO,0
